{
    "pitch": 3999.718505859375,
    "volume": 0.0024199998006224632,
    "speech_rate": 2.266652960526316,
    "pauses": 30,
    "pauses_per_minute": 0.020416477625207173,
    "total_time": 24.490022675736963
}