{"angry": 0.10816657652785286, "disgust": 0.0005408328826392646, "fear": 0.13372093023255818, "happy": 0.004461871281773934, "sad": 0.19253650621957816, "surprise": 0.024607896160086545, "neutral": 0.5359653866955112}