{"neg": 0.028, "neu": 0.739, "pos": 0.234, "compound": 0.9247, "polarity": 0.1388888888888889, "subjectivity": 0.4333333333333334}